Workbook
Name GROWTH: Inputs!$B$5
Name STATCOEF: Inputs!$B$6
Name LVLMAX: Inputs!$B$7
Name BASEDPS: Inputs!$B$8
Name BASEHP: Inputs!$B$9
Name BASEDEF: Inputs!$B$10
Name TARGETRED: Inputs!$B$11
Name ATKSPD: Inputs!$B$12
Name CASTRATE: Inputs!$B$13
Name PHYSMIX: Inputs!$B$14
Name MSPDBASE: Inputs!$B$15
Name MSPDCAP: Inputs!$B$16
Name KANCHOR: Inputs!$B$18

Sheet Readme
A1: Atlas combat model — live workbook
A3: Every figure is a formula. Change the yellow cells and the whole book moves.
A5: Inputs the constants. GROWTH and STATCOEF are the two that reshape everything.
A6: Player the L1-99 curve: DPS, HP, defence, mitigation, EHP, CS at three player grades.
A7: Ladder per-rank mob strength and the outcome R for solo and for a correctly-sized party.
A8: Checks your four stated requirements plus the model invariants, recomputed live.
A10: The core model
A11: pAtk = (base + weapon) x (1 + C x str/statCap(L)) stats MULTIPLY gear, never add
A12: maxHP = (base + armour) x (1 + C x vit/statCap(L))
A13: pDef / mDef = armour only, so mitigation %% is allocation-independent
A14: CS = SQRT(DPS x EHP)
A16: The outcome metric
... A27: open question whether top ranks should be n players vs ONE boss instead.

Sheet Inputs
A1: COMBAT MODEL — INPUTS
A2: Yellow cells are editable. Everything else in the workbook recalculates from them.
A4: constant | B4: value | C4: what it does
A5: GROWTH | B5: 1.045 | C5: CombatScore growth per level (1.045 = +4.5%/lvl = 141% per 20)
A6: STATCOEF | B6: 0.5 | C6: C — a stat at its level cap grants +50%. Sets the stat share at C/(1+C).
A7: LVLMAX | B7: 99 | C7: Level cap
A8: BASEDPS | B8: 20 | C8: L1 anchor: DPS of a fully-allocated character
A9: BASEHP | B9: 100 | C9: L1 anchor: maxHP of a fully-allocated character
A10: BASEDEF | B10: 5 | C10: L1 anchor: defence (armour only — stats do NOT add to def)
A11: TARGETRED | B11: 0.33 | C11: Damage mitigation share of EHP. Held flat at every level by K(L).
A12: ATKSPD | B12: 1.5 | C12: Attacks per second
A13: CASTRATE | B13: 0.8 | C13: Casts per second
A14: PHYSMIX | B14: 0.7 | C14: Share of a reference build's DPS that is physical
A15: MSPDBASE | B15: 20 | C15: Move speed at zero AGI
A16: MSPDCAP | B16: 36 | C16: Hard clamp on move speed, applied AFTER all buffs
A18: KANCHOR | B18: =BASEDEF*(1-TARGETRED)/TARGETRED | C18: K(1). K(L)=KANCHOR*growth — normalises defence so mitigation %% stays flat.
A20: PLAYER GRADES
A21: grade | B21: allocation | C21: gear scale
A22: max | B22: 1 | C22: 1
A23: median | B23: 0.7 | C23: 0.85
A24: min | B24: 0.4 | C24: 0.7
C25: allocation = fraction of the level's stat cap actually invested; gear scale = fraction of best-in-slot
A27: WIN BANDS (R thresholds)
A28: band | B28: R below | C28: meaning
A29: LOSS | B29: 1 | C29: you die first
A30: brutal | B30: 1.3 | C30: <=23% HP left — a loss in practice
A31: hard | B31: 2 | C31: 23-50% HP left
A32: fair | B32: 3.5 | C32: 50-71% HP left
A33: easy | B33: 8 | C33: 71-87% HP left
A34: trivial | B34: 9999 | C34: >=87% HP left

Sheet Player
A1: L | B1: growth f | C1: K(L) | D1: DPS | E1: maxHP | F1: def | G1: mitigation | H1: EHP | I1: CS (max) | J1: pAtk | K1: mAtk | L1: mspd | M1: CS (median) | N1: CS (min) | O1: stat share
A2: 1 | B2: =GROWTH^(A2-1) | C2: =KANCHOR*B2 | D2: =BASEDPS*B2/(1+STATCOEF)*(1+STATCOEF*Inputs!$B$22)*Inputs!$C$22 | E2: =BASEHP*B2/(1+STATCOEF)*(1+STATCOEF*Inputs!$B$22)*Inputs!$C$22 | F2: =BASEDEF*B2*Inputs!$C$22 | G2: =F2/(F2+C2) | H2: =E2/(1-G2) | I2: =SQRT(D2*H2) | J2: =D2*PHYSMIX/ATKSPD | K2: =D2*(1-PHYSMIX)/CASTRATE | L2: =MIN(MSPDBASE*(1+STATCOEF*Inputs!$B$22),MSPDCAP) | M2: =SQRT((BASEDPS*B2/(1+STATCOEF)*(1+STATCOEF*Inputs!$B$23)*Inputs!$C$23)*(BASEHP*B2/(1+STATCOEF)*(1+STATCOEF*Inputs!$B$23)*Inputs!$C$23)/(1-(BASEDEF*B2*Inputs!$C$23)/((BASEDEF*B2*Inputs!$C$23)+C2))) | N2: =SQRT((BASEDPS*B2/(1+STATCOEF)*(1+STATCOEF*Inputs!$B$24)*Inputs!$C$24)*(BASEHP*B2/(1+STATCOEF)*(1+STATCOEF*Inputs!$B$24)*Inputs!$C$24)/(1-(BASEDEF*B2*Inputs!$C$24)/((BASEDEF*B2*Inputs!$C$24)+C2))) | O2: =1-SQRT((BASEDPS*B2/(1+STATCOEF))*(BASEHP*B2/(1+STATCOEF))/(1-F2/(F2+C2)))/I2
A3: 2 | B3: =GROWTH^(A3-1) | C3: =KANCHOR*B3 | D3: =BASEDPS*B3/(1+STATCOEF)*(1+STATCOEF*Inputs!$B$22)*Inputs!$C$22 | E3: =BASEHP*B3/(1+STATCOEF)*(1+STATCOEF*Inputs!$B$22)*Inputs!$C$22 | F3: =BASEDEF*B3*Inputs!$C$22 | G3: =F3/(F3+C3) | H3: =E3/(1-G3) | I3: =SQRT(D3*H3) | J3: =D3*PHYSMIX/ATKSPD | K3: =D3*(1-PHYSMIX)/CASTRATE | L3: =MIN(MSPDBASE*(1+STATCOEF*Inputs!$B$22),MSPDCAP) | M3: =SQRT((BASEDPS*B3/(1+STATCOEF)*(1+STATCOEF*Inputs!$B$23)*Inputs!$C$23)*(BASEHP*B3/(1+STATCOEF)*(1+STATCOEF*Inputs!$B$23)*Inputs!$C$23)/(1-(BASEDEF*B3*Inputs!$C$23)/((BASEDEF*B3*Inputs!$C$23)+C3))) | N3: =SQRT((BASEDPS*B3/(1+STATCOEF)*(1+STATCOEF*Inputs!$B$24)*Inputs!$C$24)*(BASEHP*B3/(1+STATCOEF)*(1+STATCOEF*Inputs!$B$24)*Inputs!$C$24)/(1-(BASEDEF*B3*Inputs!$C$24)/((BASEDEF*B3*Inputs!$C$24)+C3))) | O3: =1-SQRT((BASEDPS*B3/(1+STATCOEF))*(BASEHP*B3/(1+STATCOEF))/(1-F3/(F3+C3)))/I3
A4: 3 | B4: =GROWTH^(A4-1) | C4: =KANCHOR*B4 | D4: =BASEDPS*B4/(1+STATCOEF)*(1+STATCOEF*Inputs!$B$22)*Inputs!$C$22 | E4: =BASEHP*B4/(1+STATCOEF)*(1+STATCOEF*Inputs!$B$22)*Inputs!$C$22 | F4: =BASEDEF*B4*Inputs!$C$22 | G4: =F4/(F4+C4) | H4: =E4/(1-G4) | I4: =SQRT(D4*H4) | J4: =D4*PHYSMIX/ATKSPD | K4: =D4*(1-PHYSMIX)/CASTRATE | L4: =MIN(MSPDBASE*(1+STATCOEF*Inputs!$B$22),MSPDCAP) | M4: =SQRT((BASEDPS*B4/(1+STATCOEF)*(1+STATCOEF*Inputs!$B$23)*Inputs!$C$23)*(BASEHP*B4/(1+STATCOEF)*(1+STATCOEF*Inputs!$B$23)*Inputs!$C$23)/(1-(BASEDEF*B4*Inputs!$C$23)/((BASEDEF*B4*Inputs!$C$23)+C4))) | N4: =SQRT((BASEDPS*B4/(1+STATCOEF)*(1+STATCOEF*Inputs!$B$24)*Inputs!$C$24)*(BASEHP*B4/(1+STATCOEF)*(1+STATCOEF*Inputs!$B$24)*Inputs!$C$24)/(1-(BASEDEF*B4*Inputs!$C$24)/((BASEDEF*B4*Inputs!$C$24)+C4))) | O4: =1-SQRT((BASEDPS*B4/(1+STATCOEF))*(BASEHP*B4/(1+STATCOEF))/(1-F4/(F4+C4)))/I4
A5: 4 | B5: =GROWTH^(A5-1) | C5: =KANCHOR*B5 | D5: =BASEDPS*B5/(1+STATCOEF)*(1+STATCOEF*Inputs!$B$22)*Inputs!$C$22 | E5: =BASEHP*B5/(1+STATCOEF)*(1+STATCOEF*Inputs!$B$22)*Inputs!$C$22 | F5: =BASEDEF*B5*Inputs!$C$22 | G5: =F5/(F5+C5) | H5: =E5/(1-G5) | I5: =SQRT(D5*H5) | J5: =D5*PHYSMIX/ATKSPD | K5: =D5*(1-PHYSMIX)/CASTRATE | L5: =MIN(MSPDBASE*(1+STATCOEF*Inputs!$B$22),MSPDCAP) | M5: =SQRT((BASEDPS*B5/(1+STATCOEF)*(1+STATCOEF*Inputs!$B$23)*Inputs!$C$23)*(BASEHP*B5/(1+STATCOEF)*(1+STATCOEF*Inputs!$B$23)*Inputs!$C$23)/(1-(BASEDEF*B5*Inputs!$C$23)/((BASEDEF*B5*Inputs!$C$23)+C5))) | N5: =SQRT((BASEDPS*B5/(1+STATCOEF)*(1+STATCOEF*Inputs!$B$24)*Inputs!$C$24)*(BASEHP*B5/(1+STATCOEF)*(1+STATCOEF*Inputs!$B$24)*Inputs!$C$24)/(1-(BASEDEF*B5*Inputs!$C$24)/((BASEDEF*B5*Inputs!$C$24)+C5))) | O5: =1-SQRT((BASEDPS*B5/(1+STATCOEF))*(BASEHP*B5/(1+STATCOEF))/(1-F5/(F5+C5)))/I5
A6: 5 | B6: =GROWTH^(A6-1) | C6: =KANCHOR*B6 | D6: =BASEDPS*B6/(1+STATCOEF)*(1+STATCOEF*Inputs!$B$22)*Inputs!$C$22 | E6: =BASEHP*B6/(1+STATCOEF)*(1+STATCOEF*Inputs!$B$22)*Inputs!$C$22 | F6: =BASEDEF*B6*Inputs!$C$22 | G6: =F6/(F6+C6) | H6: =E6/(1-G6) | I6: =SQRT(D6*H6) | J6: =D6*PHYSMIX/ATKSPD | K6: =D6*(1-PHYSMIX)/CASTRATE | L6: =MIN(MSPDBASE*(1+STATCOEF*Inputs!$B$22),MSPDCAP) | M6: =SQRT((BASEDPS*B6/(1+STATCOEF)*(1+STATCOEF*Inputs!$B$23)*Inputs!$C$23)*(BASEHP*B6/(1+STATCOEF)*(1+STATCOEF*Inputs!$B$23)*Inputs!$C$23)/(1-(BASEDEF*B6*Inputs!$C$23)/((BASEDEF*B6*Inputs!$C$23)+C6))) | N6: =SQRT((BASEDPS*B6/(1+STATCOEF)*(1+STATCOEF*Inputs!$B$24)*Inputs!$C$24)*(BASEHP*B6/(1+STATCOEF)*(1+STATCOEF*Inputs!$B$24)*Inputs!$C$24)/(1-(BASEDEF*B6*Inputs!$C$24)/((BASEDEF*B6*Inputs!$C$24)+C6))) | O6: =1-SQRT((BASEDPS*B6/(1+STATCOEF))*(BASEHP*B6/(1+STATCOEF))/(1-F6/(F6+C6)))/I6
A7: 6 | B7: =GROWTH^(A7-1) | C7: =KANCHOR*B7 | D7: =BASEDPS*B7/(1+STATCOEF)*(1+STATCOEF*Inputs!$B$22)*Inputs!$C$22 | E7: =BASEHP*B7/(1+STATCOEF)*(1+STATCOEF*Inputs!$B$22)*Inputs!$C$22 | F7: =BASEDEF*B7*Inputs!$C$22 | G7: =F7/(F7+C7) | H7: =E7/(1-G7) | I7: =SQRT(D7*H7) | J7: =D7*PHYSMIX/ATKSPD | K7: =D7*(1-PHYSMIX)/CASTRATE | L7: =MIN(MSPDBASE*(1+STATCOEF*Inputs!$B$22),MSPDCAP) | M7: =SQRT((BASEDPS*B7/(1+STATCOEF)*(1+STATCOEF*Inputs!$B$23)*Inputs!$C$23)*(BASEHP*B7/(1+STATCOEF)*(1+STATCOEF*Inputs!$B$23)*Inputs!$C$23)/(1-(BASEDEF*B7*Inputs!$C$23)/((BASEDEF*B7*Inputs!$C$23)+C7))) | N7: =SQRT((BASEDPS*B7/(1+STATCOEF)*(1+STATCOEF*Inputs!$B$24)*Inputs!$C$24)*(BASEHP*B7/(1+STATCOEF)*(1+STATCOEF*Inputs!$B$24)*Inputs!$C$24)/(1-(BASEDEF*B7*Inputs!$C$24)/((BASEDEF*B7*Inputs!$C$24)+C7))) | O7: =1-SQRT((BASEDPS*B7/(1+STATCOEF))*(BASEHP*B7/(1+STATCOEF))/(1-F7/(F7+C7)))/I7
A8: 7 | B8: =GROWTH^(A8-1) | C8: =KANCHOR*B8 | D8: =BASEDPS*B8/(1+STATCOEF)*(1+STATCOEF*Inputs!$B$22)*Inputs!$C$22 | E8: =BASEHP*B8/(1+STATCOEF)*(1+STATCOEF*Inputs!$B$22)*Inputs!$C$22 | F8: =BASEDEF*B8*Inputs!$C$22 | G8: =F8/(F8+C8) | H8: =E8/(1-G8) | I8: =SQRT(D8*H8) | J8: =D8*PHYSMIX/ATKSPD | K8: =D8*(1-PHYSMIX)/CASTRATE | L8: =MIN(MSPDBASE*(1+STATCOEF*Inputs!$B$22),MSPDCAP) | M8: =SQRT((BASEDPS*B8/(1+STATCOEF)*(1+STATCOEF*Inputs!$B$23)*Inputs!$C$23)*(BASEHP*B8/(1+STATCOEF)*(1+STATCOEF*Inputs!$B$23)*Inputs!$C$23)/(1-(BASEDEF*B8*Inputs!$C$23)/((BASEDEF*B8*Inputs!$C$23)+C8))) | N8: =SQRT((BASEDPS*B8/(1+STATCOEF)*(1+STATCOEF*Inputs!$B$24)*Inputs!$C$24)*(BASEHP*B8/(1+STATCOEF)*(1+STATCOEF*Inputs!$B$24)*Inputs!$C$24)/(1-(BASEDEF*B8*Inputs!$C$24)/((BASEDEF*B8*Inputs!$C$24)+C8))) | O8: =1-SQRT((BASEDPS*B8/(1+STATCOEF))*(BASEHP*B8/(1+STATCOEF))/(1-F8/(F8+C8)))/I8
A9: 8 | B9: =GROWTH^(A9-1) | C9: =KANCHOR*B9 | D9: =BASEDPS*B9/(1+STATCOEF)*(1+STATCOEF*Inputs!$B$22)*Inputs!$C$22 | E9: =BASEHP*B9/(1+STATCOEF)*(1+STATCOEF*Inputs!$B$22)*Inputs!$C$22 | F9: =BASEDEF*B9*Inputs!$C$22 | G9: =F9/(F9+C9) | H9: =E9/(1-G9) | I9: =SQRT(D9*H9) | J9: =D9*PHYSMIX/ATKSPD | K9: =D9*(1-PHYSMIX)/CASTRATE | L9: =MIN(MSPDBASE*(1+STATCOEF*Inputs!$B$22),MSPDCAP) | M9: =SQRT((BASEDPS*B9/(1+STATCOEF)*(1+STATCOEF*Inputs!$B$23)*Inputs!$C$23)*(BASEHP*B9/(1+STATCOEF)*(1+STATCOEF*Inputs!$B$23)*Inputs!$C$23)/(1-(BASEDEF*B9*Inputs!$C$23)/((BASEDEF*B9*Inputs!$C$23)+C9))) | N9: =SQRT((BASEDPS*B9/(1+STATCOEF)*(1+STATCOEF*Inputs!$B$24)*Inputs!$C$24)*(BASEHP*B9/(1+STATCOEF)*(1+STATCOEF*Inputs!$B$24)*Inputs!$C$24)/(1-(BASEDEF*B9*Inputs!$C$24)/((BASEDEF*B9*Inputs!$C$24)+C9))) | O9: =1-SQRT((BASEDPS*B9/(1+STATCOEF))*(BASEHP*B9/(1+STATCOEF))/(1-F9/(F9+C9)))/I9
A10: 9 | B10: =GROWTH^(A10-1) | C10: =KANCHOR*B10 | D10: =BASEDPS*B10/(1+STATCOEF)*(1+STATCOEF*Inputs!$B$22)*Inputs!$C$22 | E10: =BASEHP*B10/(1+STATCOEF)*(1+STATCOEF*Inputs!$B$22)*Inputs!$C$22 | F10: =BASEDEF*B10*Inputs!$C$22 | G10: =F10/(F10+C10) | H10: =E10/(1-G10) | I10: =SQRT(D10*H10) | J10: =D10*PHYSMIX/ATKSPD | K10: =D10*(1-PHYSMIX)/CASTRATE | L10: =MIN(MSPDBASE*(1+STATCOEF*Inputs!$B$22),MSPDCAP) | M10: =SQRT((BASEDPS*B10/(1+STATCOEF)*(1+STATCOEF*Inputs!$B$23)*Inputs!$C$23)*(BASEHP*B10/(1+STATCOEF)*(1+STATCOEF*Inputs!$B$23)*Inputs!$C$23)/(1-(BASEDEF*B10*Inputs!$C$23)/((BASEDEF*B10*Inputs!$C$23)+C10))) | N10: =SQRT((BASEDPS*B10/(1+STATCOEF)*(1+STATCOEF*Inputs!$B$24)*Inputs!$C$24)*(BASEHP*B10/(1+STATCOEF)*(1+STATCOEF*Inputs!$B$24)*Inputs!$C$24)/(1-(BASEDEF*B10*Inputs!$C$24)/((BASEDEF*B10*Inputs!$C$24)+C10))) | O10: =1-SQRT((BASEDPS*B10/(1+STATCOEF))*(BASEHP*B10/(1+STATCOEF))/(1-F10/(F10+C10)))/I10
A11: 10 | B11: =GROWTH^(A11-1) | C11: =KANCHOR*B11 | D11: =BASEDPS*B11/(1+STATCOEF)*(1+STATCOEF*Inputs!$B$22)*Inputs!$C$22 | E11: =BASEHP*B11/(1+STATCOEF)*(1+STATCOEF*Inputs!$B$22)*Inputs!$C$22 | F11: =BASEDEF*B11*Inputs!$C$22 | G11: =F11/(F11+C11) | H11: =E11/(1-G11) | I11: =SQRT(D11*H11) | J11: =D11*PHYSMIX/ATKSPD | K11: =D11*(1-PHYSMIX)/CASTRATE | L11: =MIN(MSPDBASE*(1+STATCOEF*Inputs!$B$22),MSPDCAP) | M11: =SQRT((BASEDPS*B11/(1+STATCOEF)*(1+STATCOEF*Inputs!$B$23)*Inputs!$C$23)*(BASEHP*B11/(1+STATCOEF)*(1+STATCOEF*Inputs!$B$23)*Inputs!$C$23)/(1-(BASEDEF*B11*Inputs!$C$23)/((BASEDEF*B11*Inputs!$C$23)+C11))) | N11: =SQRT((BASEDPS*B11/(1+STATCOEF)*(1+STATCOEF*Inputs!$B$24)*Inputs!$C$24)*(BASEHP*B11/(1+STATCOEF)*(1+STATCOEF*Inputs!$B$24)*Inputs!$C$24)/(1-(BASEDEF*B11*Inputs!$C$24)/((BASEDEF*B11*Inputs!$C$24)+C11))) | O11: =1-SQRT((BASEDPS*B11/(1+STATCOEF))*(BASEHP*B11/(1+STATCOEF))/(1-F11/(F11+C11)))/I11
A12: 11 | B12: =GROWTH^(A12-1) | C12: =KANCHOR*B12 | D12: =BASEDPS*B12/(1+STATCOEF)*(1+STATCOEF*Inputs!$B$22)*Inputs!$C$22 | E12: =BASEHP*B12/(1+STATCOEF)*(1+STATCOEF*Inputs!$B$22)*Inputs!$C$22 | F12: =BASEDEF*B12*Inputs!$C$22 | G12: =F12/(F12+C12) | H12: =E12/(1-G12) | I12: =SQRT(D12*H12) | J12: =D12*PHYSMIX/ATKSPD | K12: =D12*(1-PHYSMIX)/CASTRATE | L12: =MIN(MSPDBASE*(1+STATCOEF*Inputs!$B$22),MSPDCAP) | M12: =SQRT((BASEDPS*B12/(1+STATCOEF)*(1+STATCOEF*Inputs!$B$23)*Inputs!$C$23)*(BASEHP*B12/(1+STATCOEF)*(1+STATCOEF*Inputs!$B$23)*Inputs!$C$23)/(1-(BASEDEF*B12*Inputs!$C$23)/((BASEDEF*B12*Inputs!$C$23)+C12))) | N12: =SQRT((BASEDPS*B12/(1+STATCOEF)*(1+STATCOEF*Inputs!$B$24)*Inputs!$C$24)*(BASEHP*B12/(1+STATCOEF)*(1+STATCOEF*Inputs!$B$24)*Inputs!$C$24)/(1-(BASEDEF*B12*Inputs!$C$24)/((BASEDEF*B12*Inputs!$C$24)+C12))) | O12: =1-SQRT((BASEDPS*B12/(1+STATCOEF))*(BASEHP*B12/(1+STATCOEF))/(1-F12/(F12+C12)))/I12
A13: 12 | B13: =GROWTH^(A13-1) | C13: =KANCHOR*B13 | D13: =BASEDPS*B13/(1+STATCOEF)*(1+STATCOEF*Inputs!$B$22)*Inputs!$C$22 | E13: =BASEHP*B13/(1+STATCOEF)*(1+STATCOEF*Inputs!$B$22)*Inputs!$C$22 | F13: =BASEDEF*B13*Inputs!$C$22 | G13: =F13/(F13+C13) | H13: =E13/(1-G13) | I13: =SQRT(D13*H13) | J13: =D13*PHYSMIX/ATKSPD | K13: =D13*(1-PHYSMIX)/CASTRATE | L13: =MIN(MSPDBASE*(1+STATCOEF*Inputs!$B$22),MSPDCAP) | M13: =SQRT((BASEDPS*B13/(1+STATCOEF)*(1+STATCOEF*Inputs!$B$23)*Inputs!$C$23)*(BASEHP*B13/(1+STATCOEF)*(1+STATCOEF*Inputs!$B$23)*Inputs!$C$23)/(1-(BASEDEF*B13*Inputs!$C$23)/((BASEDEF*B13*Inputs!$C$23)+C13))) | N13: =SQRT((BASEDPS*B13/(1+STATCOEF)*(1+STATCOEF*Inputs!$B$24)*Inputs!$C$24)*(BASEHP*B13/(1+STATCOEF)*(1+STATCOEF*Inputs!$B$24)*Inputs!$C$24)/(1-(BASEDEF*B13*Inputs!$C$24)/((BASEDEF*B13*Inputs!$C$24)+C13))) | O13: =1-SQRT((BASEDPS*B13/(1+STATCOEF))*(BASEHP*B13/(1+STATCOEF))/(1-F13/(F13+C13)))/I13
... A100: 99 | B100: =GROWTH^(A100-1) | C100: =KANCHOR*B100 | D100: =BASEDPS*B100/(1+STATCOEF)*(1+STATCOEF*Inputs!$B$22)*Inputs!$C$22 | E100: =BASEHP*B100/(1+STATCOEF)*(1+STATCOEF*Inputs!$B$22)*Inputs!$C$22 | F100: =BASEDEF*B100*Inputs!$C$22 | G100: =F100/(F100+C100) | H100: =E100/(1-G100) | I100: =SQRT(D100*H100) | J100: =D100*PHYSMIX/ATKSPD | K100: =D100*(1-PHYSMIX)/CASTRATE | L100: =MIN(MSPDBASE*(1+STATCOEF*Inputs!$B$22),MSPDCAP) | M100: =SQRT((BASEDPS*B100/(1+STATCOEF)*(1+STATCOEF*Inputs!$B$23)*Inputs!$C$23)*(BASEHP*B100/(1+STATCOEF)*(1+STATCOEF*Inputs!$B$23)*Inputs!$C$23)/(1-(BASEDEF*B100*Inputs!$C$23)/((BASEDEF*B100*Inputs!$C$23)+C100))) | N100: =SQRT((BASEDPS*B100/(1+STATCOEF)*(1+STATCOEF*Inputs!$B$24)*Inputs!$C$24)*(BASEHP*B100/(1+STATCOEF)*(1+STATCOEF*Inputs!$B$24)*Inputs!$C$24)/(1-(BASEDEF*B100*Inputs!$C$24)/((BASEDEF*B100*Inputs!$C$24)+C100))) | O100: =1-SQRT((BASEDPS*B100/(1+STATCOEF))*(BASEHP*B100/(1+STATCOEF))/(1-F100/(F100+C100)))/I100

Sheet Ladder
A1: rank | B1: lvl from | C1: lvl to | D1: ref lvl | E1: n (headcount) | F1: mult (per-mob) | G1: old mult | H1: ref CS | I1: mob CS | J1: mob HP | K1: mob pAtk | L1: mob pDef | M1: R solo (max) | N1: verdict | O1: R party (max) | P1: verdict | Q1: R party (median) | R1: verdict | S1: R party (min) | T1: verdict | U1: TTK per mob | V1: TTK encounter
A2: E | B2: 1 | C2: 12 | D2: =ROUNDDOWN((B2+C2)/2,0) | E2: 1 | F2: 0.29 | G2: 1 | H2: =INDEX(Player!$I:$I,D2+1) | I2: =H2*F2 | J2: =INDEX(Player!$E:$E,D2+1)*F2 | K2: =INDEX(Player!$J:$J,D2+1)*F2 | L2: =INDEX(Player!$F:$F,D2+1)*F2 | M2: =(H2/I2)^2 | N2: =IF(M2<Inputs!$B$29,"LOSS",IF(M2<Inputs!$B$30,"brutal",IF(M2<Inputs!$B$31,"hard",IF(M2<Inputs!$B$32,"fair",IF(M2<Inputs!$B$33,"easy","trivial"))))) | O2: =M2*2*E2/(E2+1) | P2: =IF(O2<Inputs!$B$29,"LOSS",IF(O2<Inputs!$B$30,"brutal",IF(O2<Inputs!$B$31,"hard",IF(O2<Inputs!$B$32,"fair",IF(O2<Inputs!$B$33,"easy","trivial"))))) | Q2: =(INDEX(Player!$M:$M,D2+1)/I2)^2*2*E2/(E2+1) | R2: =IF(Q2<Inputs!$B$29,"LOSS",IF(Q2<Inputs!$B$30,"brutal",IF(Q2<Inputs!$B$31,"hard",IF(Q2<Inputs!$B$32,"fair",IF(Q2<Inputs!$B$33,"easy","trivial"))))) | S2: =(INDEX(Player!$N:$N,D2+1)/I2)^2*2*E2/(E2+1) | T2: =IF(S2<Inputs!$B$29,"LOSS",IF(S2<Inputs!$B$30,"brutal",IF(S2<Inputs!$B$31,"hard",IF(S2<Inputs!$B$32,"fair",IF(S2<Inputs!$B$33,"easy","trivial"))))) | U2: =(INDEX(Player!$H:$H,D2+1)*F2)/(INDEX(Player!$D:$D,D2+1)*E2) | V2: =U2*E2
A3: D | B3: 13 | C3: 25 | D3: =ROUNDDOWN((B3+C3)/2,0) | E3: 1 | F3: 0.41 | G3: 1.15 | H3: =INDEX(Player!$I:$I,D3+1) | I3: =H3*F3 | J3: =INDEX(Player!$E:$E,D3+1)*F3 | K3: =INDEX(Player!$J:$J,D3+1)*F3 | L3: =INDEX(Player!$F:$F,D3+1)*F3 | M3: =(H3/I3)^2 | N3: =IF(M3<Inputs!$B$29,"LOSS",IF(M3<Inputs!$B$30,"brutal",IF(M3<Inputs!$B$31,"hard",IF(M3<Inputs!$B$32,"fair",IF(M3<Inputs!$B$33,"easy","trivial"))))) | O3: =M3*2*E3/(E3+1) | P3: =IF(O3<Inputs!$B$29,"LOSS",IF(O3<Inputs!$B$30,"brutal",IF(O3<Inputs!$B$31,"hard",IF(O3<Inputs!$B$32,"fair",IF(O3<Inputs!$B$33,"easy","trivial"))))) | Q3: =(INDEX(Player!$M:$M,D3+1)/I3)^2*2*E3/(E3+1) | R3: =IF(Q3<Inputs!$B$29,"LOSS",IF(Q3<Inputs!$B$30,"brutal",IF(Q3<Inputs!$B$31,"hard",IF(Q3<Inputs!$B$32,"fair",IF(Q3<Inputs!$B$33,"easy","trivial"))))) | S3: =(INDEX(Player!$N:$N,D3+1)/I3)^2*2*E3/(E3+1) | T3: =IF(S3<Inputs!$B$29,"LOSS",IF(S3<Inputs!$B$30,"brutal",IF(S3<Inputs!$B$31,"hard",IF(S3<Inputs!$B$32,"fair",IF(S3<Inputs!$B$33,"easy","trivial"))))) | U3: =(INDEX(Player!$H:$H,D3+1)*F3)/(INDEX(Player!$D:$D,D3+1)*E3) | V3: =U3*E3
A4: C | B4: 26 | C4: 40 | D4: =ROUNDDOWN((B4+C4)/2,0) | E4: 1 | F4: 0.5 | G4: 1.3 | H4: =INDEX(Player!$I:$I,D4+1) | I4: =H4*F4 | J4: =INDEX(Player!$E:$E,D4+1)*F4 | K4: =INDEX(Player!$J:$J,D4+1)*F4 | L4: =INDEX(Player!$F:$F,D4+1)*F4 | M4: =(H4/I4)^2 | N4: =IF(M4<Inputs!$B$29,"LOSS",IF(M4<Inputs!$B$30,"brutal",IF(M4<Inputs!$B$31,"hard",IF(M4<Inputs!$B$32,"fair",IF(M4<Inputs!$B$33,"easy","trivial"))))) | O4: =M4*2*E4/(E4+1) | P4: =IF(O4<Inputs!$B$29,"LOSS",IF(O4<Inputs!$B$30,"brutal",IF(O4<Inputs!$B$31,"hard",IF(O4<Inputs!$B$32,"fair",IF(O4<Inputs!$B$33,"easy","trivial"))))) | Q4: =(INDEX(Player!$M:$M,D4+1)/I4)^2*2*E4/(E4+1) | R4: =IF(Q4<Inputs!$B$29,"LOSS",IF(Q4<Inputs!$B$30,"brutal",IF(Q4<Inputs!$B$31,"hard",IF(Q4<Inputs!$B$32,"fair",IF(Q4<Inputs!$B$33,"easy","trivial"))))) | S4: =(INDEX(Player!$N:$N,D4+1)/I4)^2*2*E4/(E4+1) | T4: =IF(S4<Inputs!$B$29,"LOSS",IF(S4<Inputs!$B$30,"brutal",IF(S4<Inputs!$B$31,"hard",IF(S4<Inputs!$B$32,"fair",IF(S4<Inputs!$B$33,"easy","trivial"))))) | U4: =(INDEX(Player!$H:$H,D4+1)*F4)/(INDEX(Player!$D:$D,D4+1)*E4) | V4: =U4*E4
A5: B | B5: 41 | C5: 55 | D5: =ROUNDDOWN((B5+C5)/2,0) | E5: 2 | F5: 0.78 | G5: 1.5 | H5: =INDEX(Player!$I:$I,D5+1) | I5: =H5*F5 | J5: =INDEX(Player!$E:$E,D5+1)*F5 | K5: =INDEX(Player!$J:$J,D5+1)*F5 | L5: =INDEX(Player!$F:$F,D5+1)*F5 | M5: =(H5/I5)^2 | N5: =IF(M5<Inputs!$B$29,"LOSS",IF(M5<Inputs!$B$30,"brutal",IF(M5<Inputs!$B$31,"hard",IF(M5<Inputs!$B$32,"fair",IF(M5<Inputs!$B$33,"easy","trivial"))))) | O5: =M5*2*E5/(E5+1) | P5: =IF(O5<Inputs!$B$29,"LOSS",IF(O5<Inputs!$B$30,"brutal",IF(O5<Inputs!$B$31,"hard",IF(O5<Inputs!$B$32,"fair",IF(O5<Inputs!$B$33,"easy","trivial"))))) | Q5: =(INDEX(Player!$M:$M,D5+1)/I5)^2*2*E5/(E5+1) | R5: =IF(Q5<Inputs!$B$29,"LOSS",IF(Q5<Inputs!$B$30,"brutal",IF(Q5<Inputs!$B$31,"hard",IF(Q5<Inputs!$B$32,"fair",IF(Q5<Inputs!$B$33,"easy","trivial"))))) | S5: =(INDEX(Player!$N:$N,D5+1)/I5)^2*2*E5/(E5+1) | T5: =IF(S5<Inputs!$B$29,"LOSS",IF(S5<Inputs!$B$30,"brutal",IF(S5<Inputs!$B$31,"hard",IF(S5<Inputs!$B$32,"fair",IF(S5<Inputs!$B$33,"easy","trivial"))))) | U5: =(INDEX(Player!$H:$H,D5+1)*F5)/(INDEX(Player!$D:$D,D5+1)*E5) | V5: =U5*E5
A6: A | B6: 56 | C6: 70 | D6: =ROUNDDOWN((B6+C6)/2,0) | E6: 4 | F6: 0.943 | G6: 1.8 | H6: =INDEX(Player!$I:$I,D6+1) | I6: =H6*F6 | J6: =INDEX(Player!$E:$E,D6+1)*F6 | K6: =INDEX(Player!$J:$J,D6+1)*F6 | L6: =INDEX(Player!$F:$F,D6+1)*F6 | M6: =(H6/I6)^2 | N6: =IF(M6<Inputs!$B$29,"LOSS",IF(M6<Inputs!$B$30,"brutal",IF(M6<Inputs!$B$31,"hard",IF(M6<Inputs!$B$32,"fair",IF(M6<Inputs!$B$33,"easy","trivial"))))) | O6: =M6*2*E6/(E6+1) | P6: =IF(O6<Inputs!$B$29,"LOSS",IF(O6<Inputs!$B$30,"brutal",IF(O6<Inputs!$B$31,"hard",IF(O6<Inputs!$B$32,"fair",IF(O6<Inputs!$B$33,"easy","trivial"))))) | Q6: =(INDEX(Player!$M:$M,D6+1)/I6)^2*2*E6/(E6+1) | R6: =IF(Q6<Inputs!$B$29,"LOSS",IF(Q6<Inputs!$B$30,"brutal",IF(Q6<Inputs!$B$31,"hard",IF(Q6<Inputs!$B$32,"fair",IF(Q6<Inputs!$B$33,"easy","trivial"))))) | S6: =(INDEX(Player!$N:$N,D6+1)/I6)^2*2*E6/(E6+1) | T6: =IF(S6<Inputs!$B$29,"LOSS",IF(S6<Inputs!$B$30,"brutal",IF(S6<Inputs!$B$31,"hard",IF(S6<Inputs!$B$32,"fair",IF(S6<Inputs!$B$33,"easy","trivial"))))) | U6: =(INDEX(Player!$H:$H,D6+1)*F6)/(INDEX(Player!$D:$D,D6+1)*E6) | V6: =U6*E6
A7: S | B7: 71 | C7: 84 | D7: =ROUNDDOWN((B7+C7)/2,0) | E7: 8 | F7: 1.054 | G7: 2.2 | H7: =INDEX(Player!$I:$I,D7+1) | I7: =H7*F7 | J7: =INDEX(Player!$E:$E,D7+1)*F7 | K7: =INDEX(Player!$J:$J,D7+1)*F7 | L7: =INDEX(Player!$F:$F,D7+1)*F7 | M7: =(H7/I7)^2 | N7: =IF(M7<Inputs!$B$29,"LOSS",IF(M7<Inputs!$B$30,"brutal",IF(M7<Inputs!$B$31,"hard",IF(M7<Inputs!$B$32,"fair",IF(M7<Inputs!$B$33,"easy","trivial"))))) | O7: =M7*2*E7/(E7+1) | P7: =IF(O7<Inputs!$B$29,"LOSS",IF(O7<Inputs!$B$30,"brutal",IF(O7<Inputs!$B$31,"hard",IF(O7<Inputs!$B$32,"fair",IF(O7<Inputs!$B$33,"easy","trivial"))))) | Q7: =(INDEX(Player!$M:$M,D7+1)/I7)^2*2*E7/(E7+1) | R7: =IF(Q7<Inputs!$B$29,"LOSS",IF(Q7<Inputs!$B$30,"brutal",IF(Q7<Inputs!$B$31,"hard",IF(Q7<Inputs!$B$32,"fair",IF(Q7<Inputs!$B$33,"easy","trivial"))))) | S7: =(INDEX(Player!$N:$N,D7+1)/I7)^2*2*E7/(E7+1) | T7: =IF(S7<Inputs!$B$29,"LOSS",IF(S7<Inputs!$B$30,"brutal",IF(S7<Inputs!$B$31,"hard",IF(S7<Inputs!$B$32,"fair",IF(S7<Inputs!$B$33,"easy","trivial"))))) | U7: =(INDEX(Player!$H:$H,D7+1)*F7)/(INDEX(Player!$D:$D,D7+1)*E7) | V7: =U7*E7
A8: SS | B8: 85 | C8: 95 | D8: =ROUNDDOWN((B8+C8)/2,0) | E8: 20 | F8: 1.127 | G8: 2.8 | H8: =INDEX(Player!$I:$I,D8+1) | I8: =H8*F8 | J8: =INDEX(Player!$E:$E,D8+1)*F8 | K8: =INDEX(Player!$J:$J,D8+1)*F8 | L8: =INDEX(Player!$F:$F,D8+1)*F8 | M8: =(H8/I8)^2 | N8: =IF(M8<Inputs!$B$29,"LOSS",IF(M8<Inputs!$B$30,"brutal",IF(M8<Inputs!$B$31,"hard",IF(M8<Inputs!$B$32,"fair",IF(M8<Inputs!$B$33,"easy","trivial"))))) | O8: =M8*2*E8/(E8+1) | P8: =IF(O8<Inputs!$B$29,"LOSS",IF(O8<Inputs!$B$30,"brutal",IF(O8<Inputs!$B$31,"hard",IF(O8<Inputs!$B$32,"fair",IF(O8<Inputs!$B$33,"easy","trivial"))))) | Q8: =(INDEX(Player!$M:$M,D8+1)/I8)^2*2*E8/(E8+1) | R8: =IF(Q8<Inputs!$B$29,"LOSS",IF(Q8<Inputs!$B$30,"brutal",IF(Q8<Inputs!$B$31,"hard",IF(Q8<Inputs!$B$32,"fair",IF(Q8<Inputs!$B$33,"easy","trivial"))))) | S8: =(INDEX(Player!$N:$N,D8+1)/I8)^2*2*E8/(E8+1) | T8: =IF(S8<Inputs!$B$29,"LOSS",IF(S8<Inputs!$B$30,"brutal",IF(S8<Inputs!$B$31,"hard",IF(S8<Inputs!$B$32,"fair",IF(S8<Inputs!$B$33,"easy","trivial"))))) | U8: =(INDEX(Player!$H:$H,D8+1)*F8)/(INDEX(Player!$D:$D,D8+1)*E8) | V8: =U8*E8
A9: SSS | B9: 96 | C9: 99 | D9: =ROUNDDOWN((B9+C9)/2,0) | E9: 50 | F9: 1.183 | G9: 3.5 | H9: =INDEX(Player!$I:$I,D9+1) | I9: =H9*F9 | J9: =INDEX(Player!$E:$E,D9+1)*F9 | K9: =INDEX(Player!$J:$J,D9+1)*F9 | L9: =INDEX(Player!$F:$F,D9+1)*F9 | M9: =(H9/I9)^2 | N9: =IF(M9<Inputs!$B$29,"LOSS",IF(M9<Inputs!$B$30,"brutal",IF(M9<Inputs!$B$31,"hard",IF(M9<Inputs!$B$32,"fair",IF(M9<Inputs!$B$33,"easy","trivial"))))) | O9: =M9*2*E9/(E9+1) | P9: =IF(O9<Inputs!$B$29,"LOSS",IF(O9<Inputs!$B$30,"brutal",IF(O9<Inputs!$B$31,"hard",IF(O9<Inputs!$B$32,"fair",IF(O9<Inputs!$B$33,"easy","trivial"))))) | Q9: =(INDEX(Player!$M:$M,D9+1)/I9)^2*2*E9/(E9+1) | R9: =IF(Q9<Inputs!$B$29,"LOSS",IF(Q9<Inputs!$B$30,"brutal",IF(Q9<Inputs!$B$31,"hard",IF(Q9<Inputs!$B$32,"fair",IF(Q9<Inputs!$B$33,"easy","trivial"))))) | S9: =(INDEX(Player!$N:$N,D9+1)/I9)^2*2*E9/(E9+1) | T9: =IF(S9<Inputs!$B$29,"LOSS",IF(S9<Inputs!$B$30,"brutal",IF(S9<Inputs!$B$31,"hard",IF(S9<Inputs!$B$32,"fair",IF(S9<Inputs!$B$33,"easy","trivial"))))) | U9: =(INDEX(Player!$H:$H,D9+1)*F9)/(INDEX(Player!$D:$D,D9+1)*E9) | V9: =U9*E9

Sheet Checks
A1: REQUIREMENTS & INVARIANTS
A2: All of these recalculate when you change Inputs or the Ladder multipliers.
A4: # | B4: check | C4: target | D4: actual | E4: result
A5: 1 | B5: max player CANNOT solo a same-level S mob | C5: R < 1.0 | D5: =Ladder!M7 | E5: =IF(Ladder!M7<1,"PASS","FAIL")
A6: 2 | B6: max player cannot EASILY solo same-level A | C6: R < fair | D6: =Ladder!M6 | E6: =IF(Ladder!M6<Inputs!$B$32,"PASS","FAIL")
A7: 3 | B7: median player beats same-level C, fair | C7: hard <= R < fair | D7: =Ladder!Q4 | E7: =IF(AND(Ladder!Q4>=Inputs!$B$31,Ladder!Q4<Inputs!$B$32),"PASS","FAIL")
A8: 4 | B8: max player beats same-level C, easy | C8: fair <= R < easy | D8: =Ladder!O4 | E8: =IF(AND(Ladder!O4>=Inputs!$B$32,Ladder!O4<Inputs!$B$33),"PASS","FAIL")
A9: 5 | B9: 20-level growth inside 120-160% | C9: 1.20 - 1.60 | D9: =GROWTH^20-1 | E9: =IF(AND(GROWTH^20-1>=1.2,GROWTH^20-1<=1.6),"PASS","FAIL")
A10: 6 | B10: CS compounds at the growth rate | C10: =GROWTH | D10: =Player!I3/Player!I2 | E10: =IF(ABS(Player!I3/Player!I2-GROWTH)<0.000001,"PASS","FAIL")
A11: 7 | B11: mitigation % flat across all levels | C11: max - min = 0 | D11: =MAX(Player!G2:G100)-MIN(Player!G2:G100) | E11: =IF(MAX(Player!G2:G100)-MIN(Player!G2:G100)<0.000001,"PASS","FAIL")
A12: 8 | B12: stat share >= 25% at EVERY level | C12: >= 25% | D12: =MIN(Player!O2:O100) | E12: =IF(MIN(Player!O2:O100)>=0.25,"PASS","FAIL")
A13: 9 | B13: stat share does not decay with level | C13: max - min = 0 | D13: =MAX(Player!O2:O100)-MIN(Player!O2:O100) | E13: =IF(MAX(Player!O2:O100)-MIN(Player!O2:O100)<0.000001,"PASS","FAIL")
A14: 10 | B14: every rank is winnable by its own party size | C14: all R party (max) > 1 | D14: =MIN(Ladder!O2:O9) | E14: =IF(MIN(Ladder!O2:O9)>1,"PASS","FAIL")
A15: 11 | B15: S and above are NOT soloable | C15: all R solo < 1 from S up | D15: =MAX(Ladder!M7:M9) | E15: =IF(MAX(Ladder!M7:M9)<1,"PASS","FAIL")
A16: 12 | B16: largest mob HP fits int32 | C16: < 2,147,483,647 | D16: =MAX(Ladder!J2:J9) | E16: =IF(MAX(Ladder!J2:J9)<2147483647,"PASS","FAIL")
A17: 13 | B17: move speed within its clamp | C17: <= MSPDCAP | D17: =MAX(Player!L2:L100) | E17: =IF(MAX(Player!L2:L100)<=MSPDCAP,"PASS","FAIL")
B19: OVERALL | E19: =IF(COUNTIF(E5:E17,"FAIL")=0,"ALL PASS",COUNTIF(E5:E17,"FAIL")&" FAILING")
